Workbook

Sheet MAIN
A3: When the NPC overhears the PC or the party talking, his/her reaction is… | B3: =Reaction!B10 -> Disgruntled. The NPC gives False Rumor. There is a 40% chance his/her attitude will shift to unhappy on next encounter.
A4: When questioned about his/her motivation, the NPC reveals (or hides) that he/she is… | B4: =Motivation!B10 -> Searching for Personal Information (A), Local Information (B), or Item Information (C).
A5: The area or site is… | B5: =Area!B10 -> Home to Monster (Roll on Own Encounter Table). Nearby: Minor Treasure (U).
A7: custom seed | B7: 0
A8: current seed | B8: =IF(ISNUMBER(B7), B7, RANDBETWEEN(1, 1000000)) -> 0

Sheet Reaction
A1: d20 | B1: Reaction
A2: 1-3 | B2: Hostile. Now the NPC is a nemesis. He/she gives a Major Bane (F) and will pursue one or more of the PCs until dead.
A3: 4-6 | B3: Unhappy. The NPC gives a Minor Bane (E). There is an 80% chance his/her attitude will shift to hostile on next encounter.
A4: 7-9 | B4: Disgruntled. The NPC gives False Rumor. There is a 40% chance his/her attitude will shift to unhappy on next encounter.
A5: 10-12 | B5: Indifferent but helpful. The NPC gives Personal Information (A) or Local Information (B), as requested.
A6: 13-15 | B6: Pleased. The NPC shares a Specific Rumour. There is a 40% chance his/her attitude will shift to happy on next encounter.
A7: 16-18 | B7: Happy. The NPC gives a Minor Boon (H). There is an 80% chance his/her attitude will shift to friendly on next encounter.
A8: 19-20 | B8: Friendly. The NPC is now an ally. He/she gives a Major Boon (G) and will protect PC until dead.
A9: =MAIN!$B$8 -> 0
A10: =MOD(MOD($A$9*7919+7, 2147483647), 20) + 1 -> 8 | B10: {=INDEX($B$2:$B$8, MATCH(A10, --LEFT($A$2:$A$8, SEARCH("-", $A$2:$A$8)-1), 1))} -> Disgruntled. The NPC gives False Rumor. There is a 40% chance his/her attitude will shift to unhappy on next encounter.

Sheet Motivation
A1: d20 | B1: Motivation
A2: 1-3 | B2: On The Run (J) from a Minor Enemy (Q) or a Major Enemy (R) for Good Deeds(O) or Evil Deeds (P).
A3: 4-6 | B3: On a Vendetta (I) against an Minor Enemy (Q) or a Major Enemy (R).
A4: 7-9 | B4: Searching for Personal Information (A), Local Information (B), or Item Information (C).
A5: 10-12 | B5: Buying or Selling (K) at nearby location, then returning Home (L).
A6: 13-15 | B6: On local Minor Quest (M) for Treasure (U).
A7: 16-18 | B7: On Minor Quest (M) or Major Quest (N) for Minor Enemy (Q).
A8: 19-20 | B8: On Major Quest (N) for Treasure (U).
A9: =MAIN!$B$8 -> 0
A10: =MOD(MOD($A$9*7919+7, 2147483647), 20) + 1 -> 8 | B10: {=INDEX($B$2:$B$8, MATCH(A10, --LEFT($A$2:$A$8, SEARCH("-", $A$2:$A$8)-1), 1))} -> Searching for Personal Information (A), Local Information (B), or Item Information (C).

Sheet Area
A1: d20 | B1: Area/Site
A2: 1-3 | B2: Faithtouched (AA) or Weavetouched (BB).
A3: 4-6 | B3: Home to evil or neutral Faction (D).
A4: 7-9 | B4: Home to Monster (Roll on Own Encounter Table). Nearby: Minor Treasure (U).
A5: 10-12 | B5: Benign area of NPC population or abandoned site. No treasure.
A6: 13-15 | B6: Home to good or neutral Faction (D).
A7: 16-18 | B7: Home to Monster (Roll on Own Encounter Table). Nearby: Major Treasure (U).
A8: 19-20 | B8: Haunted (S) or Cursed (T).
A9: =MAIN!$B$8 -> 0
A10: =MOD(MOD($A$9*7919+7, 2147483647), 20) + 1 -> 8 | B10: {=INDEX($B$2:$B$8, MATCH(A10, --LEFT($A$2:$A$8, SEARCH("-", $A$2:$A$8)-1), 1))} -> Home to Monster (Roll on Own Encounter Table). Nearby: Minor Treasure (U).

Sheet A
A1: Бросок | B1: Описание
A2: 1-3 | B2: Gives a secret that leads to Major Boon (G).
A3: 4-6 | B3: Describes a family Emergency (V).
A4: 7-9 | B4: Passes along a rumor (check Ladder) about the PC as told by a friend, a Minor Enemy (Q), or a Major Enemy (R).
A5: 10-12 | B5: Gives information that confirms a suspicion held by the PC or the party.
A6: 13-15 | B6: Passes along a minor Warning (W) that concerns the PC or the party.
A7: 16-18 | B7: Gives Exact Knowledge about information the PC or party has been investigating.
A8: 19-20 | B8: Passes along knowledge of a major Warning (W) to the PC or party.
A9: =MAIN!$B$8 -> 0
A10: =MOD(MOD($A$9*7919+7, 2147483647), 20) + 1 -> 8 | B10: {=INDEX($B$2:$B$8, MATCH(A10, --LEFT($A$2:$A$8, SEARCH("-", $A$2:$A$8)-1), 1))} -> Passes along a rumor (check Ladder) about the PC as told by a friend, a Minor Enemy (Q), or a Major Enemy (R).

Sheet B
A1: Бросок | B1: Описание
A2: 1-3 | B2: Tells of a Major Boon (G) concerning the area.
A3: 4-6 | B3: Tells of an Emergency (V).
A4: 7-9 | B4: Passes along knowledge of a Social Event (X).
A5: 10-12 | B5: Gives information about a Minor Enemy (Q) or a Major Enemy (R) threat.
A6: 13-15 | B6: Passes along information of a Political Event (Y).
A7: 16-18 | B7: Gives information about a Religious Event (Z).
A8: 19-20 | B8: Tells of a Major Bane (F).
A9: =MAIN!$B$8 -> 0
A10: =MOD(MOD($A$9*7919+7, 2147483647), 20) + 1 -> 8 | B10: {=INDEX($B$2:$B$8, MATCH(A10, --LEFT($A$2:$A$8, SEARCH("-", $A$2:$A$8)-1), 1))} -> Passes along knowledge of a Social Event (X).

Sheet C
A1: Бросок | B1: Описание
A2: 1-2 | B2: An artifact (d10): 1. arcane; 2. dwarvish; 3. elemental; 4. elvish; 5. giant; 6. holy; 7. relic of a hero; 8. relic of a villain; 9. unholy; 10. a piece of an item set. | C2: =C_ITEMS!B14 -> dwarvish
A3: 3-4 | B3: An object (d6): 1. A piece of jewelry; 2. A chest; 3. A map; 4. A bucket; 5. A lantern; 6. A jar. | C3: =C_ITEMS!D14 -> A map
A4: 5-6 | B4: A book (d6): 1. bestiary; 2. potion recipes; 3. historical record; 4. holy scripture; 5. personal journal; 6. mage's spellbook. | C4: =C_ITEMS!F14 -> holy scripture
A5: 7-9 | B5: Armor (d10): 1. leather helm; 2. steel helm; 3. leather baldric; 4. bronze breastplate; 5. steel breastplate; 6. chain shirt; 7. leather gloves; 8. steel gauntlets; 9. suit of chainmail; 10. suit of plate. | C5: =C_ITEMS!H14 -> chain shirt
A6: 10-12 | B6: A weapon or piece of ammunition (d10): 1. dagger; 2. spear; 3. axe; 4. sword; 5. flail; 6. hammer; 7. bow; 8. crossbow; 9. arrow or bolt; 10. exotic weapon. | C6: =C_ITEMS!B29 -> bow
A7: 13-15 | B7: An implement or symbol of power (d6): 1. rod; 2. staff; 3. wand; 4. sceptre; 5. crown; 6. gemstone. | C7: =C_ITEMS!D29 -> crown
A8: 16-18 | B8: A work of art (d6): 1. statue; 2. painting; 3. musical instrument; 4. sheet music; 5. article of clothing. | C8: =C_ITEMS!F29 -> musical instrument
A9: 19-20 | B9: A prosthesis (d6): 1. arm; 2. eye; 3. foot; 4. hand; 5. heart; 6. leg. | C9: =C_ITEMS!H29 -> hand
A10: =MAIN!$B$8 -> 0
A11: =MOD(MOD($A$10*7919+7, 2147483647), 20) + 1 -> 8 | B11: {=INDEX($B$2:$B$9, MATCH(A11, --LEFT($A$2:$A$9, SEARCH("-", $A$2:$A$9)-1), 1))} -> Armor (d10): 1. leather helm; 2. steel helm; 3. leather baldric; 4. bronze breastplate; 5. steel breastplate; 6. chain shirt; 7. leather gloves; 8. steel gauntlets; 9. suit of chainmail; 10. suit of plate. | C11: {=INDEX($C$2:$C$9, MATCH(A11, --LEFT($A$2:$A$9, SEARCH("-", $A$2:$A$9)-1), 1))} -> chain shirt

Sheet C_ITEMS
A1: **An artifact** (d10) | C1: **An object** (d6) | E1: **A book** (d6) | G1: **Armor** (d10)
A2: Бросок | B2: Результат | C2: Бросок | D2: Результат | E2: Бросок | F2: Результат | G2: Бросок | H2: Результат
A3: 1 | B3: arcane | C3: 1 | D3: A piece of jewelry | E3: 1 | F3: bestiary | G3: 1 | H3: leather helm
A4: 2 | B4: dwarvish | C4: 2 | D4: A chest | E4: 2 | F4: potion recipes | G4: 2 | H4: steel helm
A5: 3 | B5: elemental | C5: 3 | D5: A map | E5: 3 | F5: historical record | G5: 3 | H5: leather baldric
A6: 4 | B6: elvish | C6: 4 | D6: A bucket | E6: 4 | F6: holy scripture | G6: 4 | H6: bronze breastplate
A7: 5 | B7: giant | C7: 5 | D7: A lantern | E7: 5 | F7: personal journal | G7: 5 | H7: steel breastplate
A8: 6 | B8: holy | C8: 6 | D8: A jar | E8: 6 | F8: mage's spellbook | G8: 6 | H8: chain shirt
A9: 7 | B9: relic of a hero | G9: 7 | H9: leather gloves
A10: 8 | B10: relic of a villain | G10: 8 | H10: steel gauntlets
A11: 9 | B11: unholy | G11: 9 | H11: suit of chainmail
A12: 10 | B12: a piece of an item set | G12: 10 | H12: suit of plate
A13: =MAIN!$B$8 -> 0 | C13: =MAIN!$B$8 -> 0 | E13: =MAIN!$B$8 -> 0 | G13: =MAIN!$B$8 -> 0
A14: =MOD(MOD($A$13*7919+1,2147483647),COUNTA(A3:A12))+1 -> 2 | B14: {=INDEX(B3:B12, A14)} -> dwarvish | C14: =MOD(MOD($C$13*7919+2,2147483647),COUNTA(C3:C12))+1 -> 3 | D14: {=INDEX(D3:D8, C14)} -> A map | E14: =MOD(MOD($C$13*7919+3,2147483647),COUNTA(E3:E12))+1 -> 4 | F14: {=INDEX(F3:F8, E14)} -> holy scripture | G14: =MOD(MOD($C$13*7919+5,2147483647),COUNTA(G3:G12))+1 -> 6 | H14: {=INDEX(H3:H12, G14)} -> chain shirt
A16: **A weapon or piece of ammunition** (d10) | C16: **An implement or symbol of power** (d6) | E16: **A work of art** (d6) | G16: **A prosthesis** (d6)
A17: Бросок | B17: Результат | C17: Бросок | D17: Результат | E17: Бросок | F17: Результат | G17: Бросок | H17: Результат
A18: 1 | B18: dagger | C18: 1 | D18: rod | E18: 1 | F18: statue | G18: 1 | H18: arm
A19: 2 | B19: spear | C19: 2 | D19: staff | E19: 2 | F19: painting | G19: 2 | H19: eye
A20: 3 | B20: axe | C20: 3 | D20: wand | E20: 3 | F20: musical instrument | G20: 3 | H20: foot
A21: 4 | B21: sword | C21: 4 | D21: sceptre | E21: 4 | F21: sheet music | G21: 4 | H21: hand
A22: 5 | B22: flail | C22: 5 | D22: crown | E22: 5 | F22: article of clothing | G22: 5 | H22: heart
A23: 6 | B23: hammer | C23: 6 | D23: gemstone | E23: 6 | F23: ornate weapon | G23: 6 | H23: leg
A24: 7 | B24: bow
A25: 8 | B25: crossbow
A26: 9 | B26: arrow or bolt
A27: 10 | B27: exotic weapon
A28: =MAIN!$B$8 -> 0 | C28: =MAIN!$B$8 -> 0 | E28: =MAIN!$B$8 -> 0 | G28: =MAIN!$B$8 -> 0
A29: =MOD(MOD($C$13*7919+6,2147483647),COUNTA(A18:A27))+1 -> 7 | B29: {=INDEX(B18:B27, A29)} -> bow | C29: =MOD(MOD($C$13*7919+4,2147483647),COUNTA(C18:C27))+1 -> 5 | D29: {=INDEX(D18:D23, C29)} -> crown | E29: =MOD(MOD($C$13*7919+8,2147483647),COUNTA(E18:E27))+1 -> 3 | F29: {=INDEX(F18:F23, E29)} -> musical instrument | G29: =MOD(MOD($C$13*7919+9,2147483647),COUNTA(G18:G27))+1 -> 4 | H29: {=INDEX(H18:H23, G29)} -> hand

Sheet D
A1: Бросок | B1: Описание
A2: 1-3 | B2: A Mystery Cult (CC).
A3: 4-6 | B3: Slavers or brutal overlords.
A4: 7-9 | B4: Religious warriors or clerics.
A5: 10-12 | B5: Law and justice officers or warriors.
A6: 13-15 | B6: Corrupt mercenaries or rogues.
A7: 16-18 | B7: Merchants collective or guild.
A8: 19-20 | B8: Cabal of mages.
A9: =MAIN!$B$8 -> 0
A10: =MOD(MOD($A$9*7919+7, 2147483647), 20) + 1 -> 8 | B10: {=INDEX($B$2:$B$8, MATCH(A10, --LEFT($A$2:$A$8, SEARCH("-", $A$2:$A$8)-1), 1))} -> Religious warriors or clerics.

Sheet E
A1: Бросок | B1: Описание
A2: 1-3 | B2: Disease or pestilence.
A3: 4-6 | B3: The destruction of one or more buildings.
A4: 7-9 | B4: A Minor Enemy (Q) or a Major Enemy (R) of the PC or party is actively opposing them.
A5: 10-12 | B5: The loss of items of value.
A6: 13-15 | B6: A Curse (T) has been activated.
A7: 16-18 | B7: People being injured.
A8: 19-20 | B8: A person or place being Haunted (S).
A9: =MAIN!$B$8 -> 0
A10: =MOD(MOD($A$9*7919+7, 2147483647), 20) + 1 -> 8 | B10: {=INDEX($B$2:$B$8, MATCH(A10, --LEFT($A$2:$A$8, SEARCH("-", $A$2:$A$8)-1), 1))} -> A Minor Enemy (Q) or a Major Enemy (R) of the PC or party is actively opposing them.

Sheet F
A1: Бросок | B1: Описание
A2: 1-3 | B2: Bad luck (random penalties or disadvantage to random die rolls) for 1 month or 10 combat encounters.
A3: 4-6 | B3: The outbreak of large plague or pestilence.
A4: 7-9 | B4: A large loss of monetary wealth.
A5: 10-12 | B5: The loss or destruction of many items of value.
A6: 13-15 | B6: The destruction of many buildings or damage to the land itself.
A7: 16-18 | B7: The deaths of many people.
A8: 19-20 | B8: The PC or party attracting the attention of a Minor Enemy (Q) or a Major Enemy (R).
A9: =MAIN!$B$8 -> 0
A10: =MOD(MOD($A$9*7919+7, 2147483647), 20) + 1 -> 8 | B10: {=INDEX($B$2:$B$8, MATCH(A10, --LEFT($A$2:$A$8, SEARCH("-", $A$2:$A$8)-1), 1))} -> A large loss of monetary wealth.

Sheet G
A1: Бросок | B1: Описание
A2: 1-3 | B2: Learning that a Minor Enemy (Q) or a Major Enemy (R) has been temporarily thwarted.
A3: 4-6 | B3: Obtaining a minor magic item.
A4: 7-9 | B4: Obtaining a small amount of money or resources.
A5: 10-12 | B5: Obtaining a magicked gemstone (the wielder can use a 0-level spell or Cantrip 1/day as a level 1 caster).
A6: 13-15 | B6: Being awarded a minor property or granted an improvement to a minor property.
A7: 16-18 | B7: Establishing a personal relationship with a potential ally or increasing social status with ally.
A8: 19-20 | B8: For one day, all activities are easier (+1 bonus on all rolls).
A9: =MAIN!$B$8 -> 0
A10: =MOD(MOD($A$9*7919+7, 2147483647), 20) + 1 -> 8 | B10: {=INDEX($B$2:$B$8, MATCH(A10, --LEFT($A$2:$A$8, SEARCH("-", $A$2:$A$8)-1), 1))} -> Obtaining a small amount of money or resources.

Sheet H
A1: Бросок | B1: Описание
A2: 1-3 | B2: Divine intervention granting a Treasure (U).
A3: 4-6 | B3: Obtaining true knowledge of a Treasure (U) location.
A4: 7-9 | B4: Being granted a large amount of monetary wealth.
A5: 10-12 | B5: Improving an existing skill or knowledge (+1) or obtaining a new skill.
A6: 13-15 | B6: Improving a personal relationship (up to 100%).
A7: 16-18 | B7: Being awarded a major property or granted an improvement to a major property.
A8: 19-20 | B8: The PC or party being pointed towards an Artifact (C) (Specific on the Rumor Ladder).
A9: =MAIN!$B$8 -> 0
A10: =MOD(MOD($A$9*7919+7, 2147483647), 20) + 1 -> 8 | B10: {=INDEX($B$2:$B$8, MATCH(A10, --LEFT($A$2:$A$8, SEARCH("-", $A$2:$A$8)-1), 1))} -> Being granted a large amount of monetary wealth.

Sheet I
A1: Бросок | B1: Описание
A2: 1-3 | B2: Accusers. The NPC was wrongfully jailed or persecuted.
A3: 4-6 | B3: Members of a specific race. The NPC is on a racial crusade.
A4: 7-9 | B4: Thieves or fraudsters. The NPC was the victim of theft or deception.
A5: 10-12 | B5: Murderers. The NPC seeks to avenge the death of one or more friends, family members, or associates.
A6: 13-15 | B6: Religious crusaders. The NPC was ruined by a religious crusade or suffered religious persecution (locally or on a quest).
A7: 16-18 | B7: Political opponents. The NPC suffered political persecution.
A8: 19-20 | B8: Societal rivals. The NPC's social status was destroyed, or he/she was socially exiled.
A9: =MAIN!$B$8 -> 0
A10: =MOD(MOD($A$9*7919+7, 2147483647), 20) + 1 -> 8 | B10: {=INDEX($B$2:$B$8, MATCH(A10, --LEFT($A$2:$A$8, SEARCH("-", $A$2:$A$8)-1), 1))} -> Thieves or fraudsters. The NPC was the victim of theft or deception.

Sheet J
A1: Бросок | B1: Описание
A2: 1-3 | B2: Committed political crime.
A3: 4-6 | B3: Escaped from detention for crime.
A4: 7-9 | B4: Committed minor crime of theft, fraud, or assault.
A5: 10-12 | B5: Committed major crime of theft, murder, or rape (or the NPC is an anarchist).
A6: 13-15 | B6: Committed religious crime.
A7: 16-18 | B7: Got tangled up with a Mystery Cult (CC).
A8: 19-20 | B8: Was unjustly accused of a crime.
A9: =MAIN!$B$8 -> 0
A10: =MOD(MOD($A$9*7919+7, 2147483647), 20) + 1 -> 8 | B10: {=INDEX($B$2:$B$8, MATCH(A10, --LEFT($A$2:$A$8, SEARCH("-", $A$2:$A$8)-1), 1))} -> Committed minor crime of theft, fraud, or assault.

Sheet K
A1: Бросок | B1: Описание
A2: 1-3 | B2: Cloth (d10): 1. raw cotton; 2. raw linen; 3. raw silk; 4. raw wool; 5. finished cotton; 6. finished linen; 7. finished silk; 8. finished wool; 9. soft leather; 10. unusual animal hair.
A3: 4-6 | B3: Wood (d6): 1. rough cut; 2. finished; 3. furniture; 4. containers; 5. paper; 6. carved.
A4: 7-9 | B4: Food (d10): 1. fresh fruits and vegetables; 2. cured meats; 3. cheeses; 4. grain; 5. preserved fruits; 6. nuts; 7. preserved vegetables; 8. oils; 9. live animals; 10. foreign delicacies.
A5: 10-12 | B5: Beverages (d6): 1. ale; 2. mead; 3. distilled spirits; 4. raw juice; 5. water; 6. wine.
A6: 13-15 | B6: Spices (d10): 1. salt; 2. sugar; 3. variety of pepper; 4. savory spice; 5. unusual spice; 6. legal drug; 7. illegal drug; 8. healing herb; 9. magical herb; 10. exotic herb.
A7: 16-18 | B7: Minerals (d6): 1. raw stone; 2. refined stone; 3. raw ore; 4. refined ore; 5. rough-cut gemstones; 6. finely-cut gemstones.
A8: 19-20 | B8: Luxury goods (d10): 1. painting; 2. sculpture; 3. work of art; 4. rare commodity; 5. masterwork armor; 6. masterwork weapon; 7. fine textiles; 8. perfumes; 9. exotic foods; 10. expensive potions.
A9: =MAIN!$B$8 -> 0
A10: =MOD(MOD($A$9*7919+7, 2147483647), 20) + 1 -> 8 | B10: {=INDEX($B$2:$B$8, MATCH(A10, --LEFT($A$2:$A$8, SEARCH("-", $A$2:$A$8)-1), 1))} -> Food (d10): 1. fresh fruits and vegetables; 2. cured meats; 3. cheeses; 4. grain; 5. preserved fruits; 6. nuts; 7. preserved vegetables; 8. oils; 9. live animals; 10. foreign delicacies.

Sheet L
A1: Бросок | B1: Описание
A2: 1-3 | B2: The north.
A3: 4-6 | B3: The west.
A4: 7-9 | B4: The south.
A5: 10-12 | B5: The east.
A6: 13-15 | B6: A savage land.
A7: 16-18 | B7: An exotic island.
A8: 19-20 | B8: Another realm of existence.
A9: =MAIN!$B$8 -> 0
A10: =MOD(MOD($A$9*7919+7, 2147483647), 20) + 1 -> 8 | B10: {=INDEX($B$2:$B$8, MATCH(A10, --LEFT($A$2:$A$8, SEARCH("-", $A$2:$A$8)-1), 1))} -> The south.

Sheet M
A1: Бросок | B1: Описание
A2: 1-3 | B2: Commune with an avatar.
A3: 4-6 | B3: Map a location.
A4: 7-9 | B4: Deliver a message.
A5: 10-12 | B5: Recover a minor Treasure (U).
A6: 13-15 | B6: Deliver a package.
A7: 16-18 | B7: Destroy a minor monster or cleanse a tainted area.
A8: 19-20 | B8: Rediscover a local forgotten place.
A9: =MAIN!$B$8 -> 0
A10: =MOD(MOD($A$9*7919+7, 2147483647), 20) + 1 -> 8 | B10: {=INDEX($B$2:$B$8, MATCH(A10, --LEFT($A$2:$A$8, SEARCH("-", $A$2:$A$8)-1), 1))} -> Deliver a message.

Sheet N
A1: Бросок | B1: Описание
A2: 1-3 | B2: Awaken a sleeping NPC.
A3: 4-6 | B3: Recover or destroy an Artifact (C).
A4: 7-9 | B4: Aid or slay an NPC.
A5: 10-12 | B5: Slay a monster.
A6: 13-15 | B6: Liberate or enslave an NPC.
A7: 16-18 | B7: Discover a lost foreign land.
A8: 19-20 | B8: Save or destroy the world.
A9: =MAIN!$B$8 -> 0
A10: =MOD(MOD($A$9*7919+7, 2147483647), 20) + 1 -> 8 | B10: {=INDEX($B$2:$B$8, MATCH(A10, --LEFT($A$2:$A$8, SEARCH("-", $A$2:$A$8)-1), 1))} -> Aid or slay an NPC.

Sheet O
A1: Бросок | B1: Описание
A2: 1-3 | B2: Freed an innocent from imprisonment.
A3: 4-6 | B3: Corrected a long-standing error.
A4: 7-9 | B4: Helped unfortunates with financial aid.
A5: 10-12 | B5: Spread a charitable political message or religious doctrine.
A6: 13-15 | B6: Helped local children or relatives to overcome oppression.
A7: 16-18 | B7: Healed the sick and comfort the dying.
A8: 19-20 | B8: Used an Artifact (C) to spread goodwill.
A9: =MAIN!$B$8 -> 0
A10: =MOD(MOD($A$9*7919+7, 2147483647), 20) + 1 -> 8 | B10: {=INDEX($B$2:$B$8, MATCH(A10, --LEFT($A$2:$A$8, SEARCH("-", $A$2:$A$8)-1), 1))} -> Helped unfortunates with financial aid.

Sheet P
A1: Бросок | B1: Описание
A2: 1-3 | B2: Humiliated and torture a rival.
A3: 4-6 | B3: Collected an extortion's payoff and punish the offender.
A4: 7-9 | B4: Stole from friends or family.
A5: 10-12 | B5: Badly beat or killed a rival.
A6: 13-15 | B6: Destroyed a business, financially or physically.
A7: 16-18 | B7: Agitated a harmful political message or religious doctrine.
A8: 19-20 | B8: Spread lies and rumors against an individual or group of a shocking nature.
A9: =MAIN!$B$8 -> 0
A10: =MOD(MOD($A$9*7919+7, 2147483647), 20) + 1 -> 8 | B10: {=INDEX($B$2:$B$8, MATCH(A10, --LEFT($A$2:$A$8, SEARCH("-", $A$2:$A$8)-1), 1))} -> Stole from friends or family.

Sheet Q
A1: Бросок | B1: Описание
A2: 1-3 | B2: A snubbed ex-friend.
A3: 4-6 | B3: A school bully.
A4: 7-9 | B4: A business rival.
A5: 10-12 | B5: A local thug.
A6: 13-15 | B6: A romantic rival.
A7: 16-18 | B7: A spiteful boss or teacher.
A8: 19-20 | B8: A family member.
A9: =MAIN!$B$8 -> 0
A10: =MOD(MOD($A$9*7919+7, 2147483647), 20) + 1 -> 8 | B10: {=INDEX($B$2:$B$8, MATCH(A10, --LEFT($A$2:$A$8, SEARCH("-", $A$2:$A$8)-1), 1))} -> A business rival.

Sheet R
A1: Бросок | B1: Описание
A2: 1-3 | B2: A politician or political group.
A3: 4-6 | B3: A powerful rogue, thug, or assassin.
A4: 7-9 | B4: A noble's family.
A5: 10-12 | B5: A religious cult, sect, group, or temple.
A6: 13-15 | B6: A powerful mage or cabal.
A7: 16-18 | B7: A mercenary company.
A8: 19-20 | B8: A mysterious NPC.
A9: =MAIN!$B$8 -> 0
A10: =MOD(MOD($A$9*7919+7, 2147483647), 20) + 1 -> 8 | B10: {=INDEX($B$2:$B$8, MATCH(A10, --LEFT($A$2:$A$8, SEARCH("-", $A$2:$A$8)-1), 1))} -> A noble's family.

Sheet S
A1: Бросок | B1: Описание
A2: 1-3 | B2: Spirits locked in battle.
A3: 4-6 | B3: A tortured revenant who must relive its brutal murder.
A4: 7-9 | B4: A benign phantom who provides small comforts and messages.
A5: 10-12 | B5: A crazed banshee.
A6: 13-15 | B6: A spiteful haunt, who appears as dead loved ones and friends.
A7: 16-18 | B7: A playful poltergeist, a childish trickster.
A8: 19-20 | B8: An evil ghost, driven to consume lifeforce in a bid to regain life.
A9: =MAIN!$B$8 -> 0
A10: =MOD(MOD($A$9*7919+7, 2147483647), 20) + 1 -> 8 | B10: {=INDEX($B$2:$B$8, MATCH(A10, --LEFT($A$2:$A$8, SEARCH("-", $A$2:$A$8)-1), 1))} -> A benign phantom who provides small comforts and messages.

Sheet T
A1: Бросок | B1: Описание
A2: 1-3 | B2: A chronological anomaly. Time moves at a different speed.
A3: 4-6 | B3: Insomnia. Sleep and rest are impossible.
A4: 7-9 | B4: Extreme heat or cold.
A5: 10-12 | B5: An overwhelming aura of helplessness and suffering.
A6: 13-15 | B6: Plagues of vermin.
A7: 16-18 | B7: Foul weather.
A8: 19-20 | B8: A corruption of reality.
A9: =MAIN!$B$8 -> 0
A10: =MOD(MOD($A$9*7919+7, 2147483647), 20) + 1 -> 8 | B10: {=INDEX($B$2:$B$8, MATCH(A10, --LEFT($A$2:$A$8, SEARCH("-", $A$2:$A$8)-1), 1))} -> Extreme heat or cold.

Sheet U
A1: Бросок | B1: Описание
A2: 1-3 | B2: Potions.
A3: 4-6 | B3: Gems.
A4: 7-9 | B4: Weapons or armor.
A5: 10-12 | B5: Coins.
A6: 13-15 | B6: Wands, rods, and staves.
A7: 16-18 | B7: Clothing.
A8: 19-20 | B8: An artifact (C).
A9: =MAIN!$B$8 -> 0
A10: =MOD(MOD($A$9*7919+7, 2147483647), 20) + 1 -> 8 | B10: {=INDEX($B$2:$B$8, MATCH(A10, --LEFT($A$2:$A$8, SEARCH("-", $A$2:$A$8)-1), 1))} -> Weapons or armor.

Sheet V
A1: Бросок | B1: Описание
A2: 1-3 | B2: A political power figure allied to the NPC has suddenly died, been arrested, or been exiled.
A3: 4-6 | B3: The NPC's business in trouble.
A4: 7-9 | B4: A family friend of the NPC has taken ill, gone mad, or died suddenly.
A5: 10-12 | B5: The NPC's hometown has been attacked, enslaved, or destroyed.
A6: 13-15 | B6: A disease epidemic is afflicting the local region or the NPC's hometown.
A7: 16-18 | B7: The NPC's spouse or close relative has done something terrible.
A8: 19-20 | B8: All the NPC's resources or income have been stolen or destroyed.
A9: =MAIN!$B$8 -> 0
A10: =MOD(MOD($A$9*7919+7, 2147483647), 20) + 1 -> 8 | B10: {=INDEX($B$2:$B$8, MATCH(A10, --LEFT($A$2:$A$8, SEARCH("-", $A$2:$A$8)-1), 1))} -> A family friend of the NPC has taken ill, gone mad, or died suddenly.

Sheet W
A1: Бросок | B1: Описание
A2: 1-3 | B2: A powerful enemy is coming for the PC or party.
A3: 4-6 | B3: An enemy is plotting against the PC or party.
A4: 7-9 | B4: The government is investigating the PC or party.
A5: 10-12 | B5: Friend or lover or spouse is lying to the PC or party.
A6: 13-15 | B6: Co-worker or business partner is stealing from the PC or party.
A7: 16-18 | B7: A rival is spreading terrible lies and rumors.
A8: 19-20 | B8: An avatar is coming.
A9: =MAIN!$B$8 -> 0
A10: =MOD(MOD($A$9*7919+7, 2147483647), 20) + 1 -> 8 | B10: {=INDEX($B$2:$B$8, MATCH(A10, --LEFT($A$2:$A$8, SEARCH("-", $A$2:$A$8)-1), 1))} -> The government is investigating the PC or party.

Sheet X
A1: Бросок | B1: Описание
A2: 1-3 | B2: An invitation to an upcoming event (party, play, etc.) given by a mysterious stranger.
A3: 4-6 | B3: A local revival of a deity's followers is nearby and drawing crowds.
A4: 7-9 | B4: A challenge has been issued by the local ruler, calling for Feats of Strength, a Battle of Wits, or some other display of skill.
A5: 10-12 | B5: A guild-house is permitting new members to join, decided by a contest.
A6: 13-15 | B6: A circus has come to town. Rumors are they are taking on workers or performers.
A7: 16-18 | B7: A fancy dress party for the local ruler has drawn all the wealthy in the area.
A8: 19-20 | B8: A family event in the local ruler or his/her spouse or close family (d4): 1. marriage; 2. birth; 3. death; 4. divorce; 5. disinheritance; 6. something else.
A9: =MAIN!$B$8 -> 0
A10: =MOD(MOD($A$9*7919+7, 2147483647), 20) + 1 -> 8 | B10: {=INDEX($B$2:$B$8, MATCH(A10, --LEFT($A$2:$A$8, SEARCH("-", $A$2:$A$8)-1), 1))} -> A challenge has been issued by the local ruler, calling for Feats of Strength, a Battle of Wits, or some other display of skill.

Sheet Y
A1: Бросок | B1: Описание
A2: 1-3 | B2: The opposition is soon to gain or has recently gained control through a coup.
A3: 4-6 | B3: A downshift in the support of financial backers has driven prices way up.
A4: 7-9 | B4: A noble has been accused of a terrible crime.
A5: 10-12 | B5: A marriage between noble houses has been announced, and rumors of treachery persist.
A6: 13-15 | B6: A shift in the government's stance on taxes has been taken badly by the populace.
A7: 16-18 | B7: Corruption rumors abound, and evidence of murder and treachery is being sought.
A8: 19-20 | B8: A powerful figure has been killed, exiled, or worse.
A9: =MAIN!$B$8 -> 0
A10: =MOD(MOD($A$9*7919+7, 2147483647), 20) + 1 -> 8 | B10: {=INDEX($B$2:$B$8, MATCH(A10, --LEFT($A$2:$A$8, SEARCH("-", $A$2:$A$8)-1), 1))} -> A noble has been accused of a terrible crime.

Sheet Z
A1: Бросок | B1: Описание
A2: 1-3 | B2: An avatar has recently issued sanctions.
A3: 4-6 | B3: Open warfare against temple enemies is now public knowledge.
A4: 7-9 | B4: A new edict or sanction has recently been announced, causing a radical shift in the local population's mood.
A5: 10-12 | B5: An expedition to the Heathen Lands has been announced.
A6: 13-15 | B6: Temple leaders have declared a peace agreement and a Summit of Faith has been announced.
A7: 16-18 | B7: An artifact or holy relic has been found or destroyed and a Call to the Faithful has gone out.
A8: 19-20 | B8: An avatar has recently appeared and denounced (or blessed) the faithful and has punished (or rewarded) them with a bane (or boon).
A9: =MAIN!$B$8 -> 0
A10: =MOD(MOD($A$9*7919+7, 2147483647), 20) + 1 -> 8 | B10: {=INDEX($B$2:$B$8, MATCH(A10, --LEFT($A$2:$A$8, SEARCH("-", $A$2:$A$8)-1), 1))} -> A new edict or sanction has recently been announced, causing a radical shift in the local population's mood.

Sheet AA
A1: Бросок | B1: Описание
A2: 1-3 | B2: The dreams of the lives of those who gave their lives in sacrifice for the Faith.
A3: 4-6 | B3: All skills relating to the practice of the faith are more easily accomplished (+1 or advantage).
A4: 7-9 | B4: Hallucinations of the landscape of the deity's Plane haunt the waking mind.
A5: 10-12 | B5: Those not of the Faith will be psionically attacked by the environment, driving them out.
A6: 13-15 | B6: Animal servants of the deity roam the grounds here, protecting from heathen intruders.
A7: 16-18 | B7: All divine spells are cast here as if the caster was 1 level higher.
A8: 19-20 | B8: Manifestation of an Avatar. Its mood depends on the PC or party's interaction.
A9: =MAIN!$B$8 -> 0
A10: =MOD(MOD($A$9*7919+7, 2147483647), 20) + 1 -> 8 | B10: {=INDEX($B$2:$B$8, MATCH(A10, --LEFT($A$2:$A$8, SEARCH("-", $A$2:$A$8)-1), 1))} -> Hallucinations of the landscape of the deity's Plane haunt the waking mind.

Sheet BB
A1: Бросок | B1: Описание
A2: 1-3 | B2: A living mask of a Jester can be found here, hidden, but waiting. The parasite sleeps.
A3: 4-6 | B3: All skills relating to the practice of the arcane mysteries are more easily accomplished (+1 or advantage).
A4: 7-9 | B4: Time and space are on vacation here. Non-causality is a possibility. Things might get dimensionally weird, and non-Euclidian geometry abounds.
A5: 10-12 | B5: All arcane objects are recharged here, but they can only be used once per item per location.
A6: 13-15 | B6: Astral and ethereal creatures are feeding from this bountiful font. They are hostile.
A7: 16-18 | B7: All arcane spells are cast here as if the caster were 1 level higher.
A8: 19-20 | B8: Wild magic regularly spawns here, bathing the area with random level spells and duration.
A9: =MAIN!$B$8 -> 0
A10: =MOD(MOD($A$9*7919+7, 2147483647), 20) + 1 -> 8 | B10: {=INDEX($B$2:$B$8, MATCH(A10, --LEFT($A$2:$A$8, SEARCH("-", $A$2:$A$8)-1), 1))} -> Time and space are on vacation here. Non-causality is a possibility. Things might get dimensionally weird, and non-Euclidian geometry abounds.

Sheet CC
A1: Бросок | B1: Описание
A2: 1-3 | B2: Trying to interact with a minor or major deity (d6): 1. return it from exile; 2. free it from imprisonment; 3. enslave it; 4. destroy it; 5. bring about its rebirth; 6. raise it to a higher status.
A3: 4-6 | B3: Collecting objects to trade to a deity for power.
A4: 7-9 | B4: Thralls under a larger power, acquiring resources, knowledge, manpower for a larger plan.
A5: 10-12 | B5: Disaffected people angry at inequality. They have resorted to violence and rhetoric.
A6: 13-15 | B6: Animal worshipers, devoted to returning humanity to a more primal lifestyle.
A7: 16-18 | B7: Outsiders who are interacting with the local populace (d6): 1. killing them; 2. enslaving them; 3. stealing from them; 4. trading with them; 5. helping them; 6. converting them.
A8: 19-20 | B8: Wealthy cannibals and defilers, seeking only pleasure for themselves.
A9: =MAIN!$B$8 -> 0
A10: =MOD(MOD($A$9*7919+7, 2147483647), 20) + 1 -> 8 | B10: {=INDEX($B$2:$B$8, MATCH(A10, --LEFT($A$2:$A$8, SEARCH("-", $A$2:$A$8)-1), 1))} -> Thralls under a larger power, acquiring resources, knowledge, manpower for a larger plan.
